{"cameraMode":{"drawMode":0,"name":"Shaded","section":"Shading Mode"},"sceneLighting":false,"audioPlay":false,"sceneViewState":{"showFog":true,"showMaterialUpdate":true,"showSkybox":true,"showFlares":true,"showImageEffects":true,"showParticleSystems":true},"in2DMode":false,"pivot":{"x":35.184532165527347,"y":-2.211575508117676,"z":42.461936950683597},"rotation":{"x":0.1800069957971573,"y":0.8179327845573425,"z":-0.41712793707847597,"w":0.3529700040817261},"size":163.72842407226563,"orthographic":false}