{"cameraMode":{"drawMode":0,"name":"Shaded","section":"Shading Mode"},"sceneLighting":false,"audioPlay":false,"sceneViewState":{"showFog":true,"showMaterialUpdate":true,"showSkybox":true,"showFlares":true,"showImageEffects":true,"showParticleSystems":true},"in2DMode":false,"pivot":{"x":20.59596824645996,"y":-0.8618327975273132,"z":46.09916305541992},"rotation":{"x":0.03082217648625374,"y":0.9689149856567383,"z":-0.18473470211029054,"w":0.1616382896900177},"size":3.5929861068725588,"orthographic":false}