{"cameraMode":{"drawMode":0,"name":"Shaded","section":"Shading Mode"},"sceneLighting":false,"audioPlay":false,"sceneViewState":{"showFog":true,"showMaterialUpdate":true,"showSkybox":true,"showFlares":true,"showImageEffects":true,"showParticleSystems":true},"in2DMode":false,"pivot":{"x":0.08051413297653198,"y":0.6580986976623535,"z":0.03925740718841553},"rotation":{"x":0.07972937077283859,"y":0.902519166469574,"z":-0.3779650926589966,"w":0.19038093090057374},"size":4.4511213302612309,"orthographic":false}