{"cameraMode":{"drawMode":0,"name":"Shaded","section":"Shading Mode"},"sceneLighting":false,"audioPlay":false,"sceneViewState":{"showFog":true,"showMaterialUpdate":false,"showSkybox":true,"showFlares":true,"showImageEffects":true,"showParticleSystems":true},"in2DMode":false,"pivot":{"x":-5.971310615539551,"y":13.46550178527832,"z":11.316993713378907},"rotation":{"x":0.0598982572555542,"y":0.8941012620925903,"z":-0.1258247196674347,"w":0.42563286423683169},"size":8.089479446411133,"orthographic":false}