{"cameraMode":{"drawMode":0,"name":"Shaded","section":"Shading Mode"},"sceneLighting":false,"audioPlay":false,"sceneViewState":{"showFog":false,"showMaterialUpdate":true,"showSkybox":true,"showFlares":true,"showImageEffects":true,"showParticleSystems":true},"in2DMode":false,"pivot":{"x":-8.012721061706543,"y":0.67624831199646,"z":2.320760726928711},"rotation":{"x":0.052796393632888797,"y":0.9470319747924805,"z":-0.21467342972755433,"w":0.23293428122997285},"size":19.672239303588868,"orthographic":false}