{"cameraMode":{"drawMode":0,"name":"Shaded","section":"Shading Mode"},"sceneLighting":false,"audioPlay":false,"sceneViewState":{"showFog":false,"showMaterialUpdate":true,"showSkybox":true,"showFlares":true,"showImageEffects":true,"showParticleSystems":true},"in2DMode":false,"pivot":{"x":-1.0086736679077149,"y":0.18105268478393556,"z":-1.5447416305541993},"rotation":{"x":0.06802809238433838,"y":0.9315534234046936,"z":-0.23777876794338227,"w":0.2665363848209381},"size":8.906274795532227,"orthographic":false}