{"cameraMode":{"drawMode":0,"name":"Shaded","section":"Shading Mode"},"sceneLighting":false,"audioPlay":false,"sceneViewState":{"showFog":true,"showMaterialUpdate":false,"showSkybox":true,"showFlares":true,"showImageEffects":true,"showParticleSystems":true},"in2DMode":false,"pivot":{"x":11.449728012084961,"y":-14.160144805908204,"z":24.63688850402832},"rotation":{"x":-0.1729719489812851,"y":0.7922225594520569,"z":-0.5233634114265442,"w":-0.26183000206947329},"size":122.02151489257813,"orthographic":false}