{"cameraMode":{"drawMode":0,"name":"Shaded","section":"Shading Mode"},"sceneLighting":false,"audioPlay":false,"sceneViewState":{"showFog":true,"showMaterialUpdate":false,"showSkybox":true,"showFlares":true,"showImageEffects":true,"showParticleSystems":true},"in2DMode":false,"pivot":{"x":21.08051300048828,"y":-0.4216853380203247,"z":46.03925704956055},"rotation":{"x":-0.1729719489812851,"y":0.7922225594520569,"z":-0.5233634114265442,"w":-0.26183000206947329},"size":5.39298677444458,"orthographic":false}